{"seed": [42, 43, 44, 45, 46, 42, 43, 44, 45, 46, 42, 43, 44, 45, 46, 42, 43, 44, 45, 46, 42, 43, 44, 45, 46, 42, 43, 44, 45, 46, 42, 43, 44, 45, 46, 42, 43, 44, 45, 46, 42, 43, 44, 45, 46, 42, 43, 44, 45, 46], "batch_size": [32, 32, 32, 32, 32, 32, 32, 32, 32, 32, 16, 16, 16, 16, 16, 16, 16, 16, 16, 16, 8, 8, 8, 8, 8, 8, 8, 8, 8, 8, 4, 4, 4, 4, 4, 4, 4, 4, 4, 4, 2, 2, 2, 2, 2, 2, 2, 2, 2, 2], "norm": ["Group Norm", "Group Norm", "Group Norm", "Group Norm", "Group Norm", "Batch Norm", "Batch Norm", "Batch Norm", "Batch Norm", "Batch Norm", "Group Norm", "Group Norm", "Group Norm", "Group Norm", "Group Norm", "Batch Norm", "Batch Norm", "Batch Norm", "Batch Norm", "Batch Norm", "Group Norm", "Group Norm", "Group Norm", "Group Norm", "Group Norm", "Batch Norm", "Batch Norm", "Batch Norm", "Batch Norm", "Batch Norm", "Group Norm", "Group Norm", "Group Norm", "Group Norm", "Group Norm", "Batch Norm", "Batch Norm", "Batch Norm", "Batch Norm", "Batch Norm", "Group Norm", "Group Norm", "Group Norm", "Group Norm", "Group Norm", "Batch Norm", "Batch Norm", "Batch Norm", "Batch Norm", "Batch Norm"], "accuracy": [0.10000000149011612, 0.10000000149011612, 0.10000000149011612, 0.10000000149011612, 0.10000000149011612, 0.8424000144004822, 0.8476999998092651, 0.8359000086784363, 0.8410999774932861, 0.8339999914169312, 0.10000000149011612, 0.10000000149011612, 0.10000000149011612, 0.10000000149011612, 0.10000000149011612, 0.8353000283241272, 0.8320000171661377, 0.83160001039505, 0.8346999883651733, 0.8411999940872192, 0.10000000149011612, 0.10000000149011612, 0.10000000149011612, 0.10000000149011612, 0.10000000149011612, 0.8411999940872192, 0.8440999984741211, 0.8212000131607056, 0.8414000272750854, 0.8342000246047974, 0.10000000149011612, 0.10000000149011612, 0.10000000149011612, 0.10000000149011612, 0.10000000149011612, 0.8212000131607056, 0.8385000228881836, 0.8406000137329102, 0.8263999819755554, 0.8439000248908997, 0.10000000149011612, 0.10000000149011612, 0.10000000149011612, 0.10000000149011612, 0.10000000149011612, 0.8345000147819519, 0.8287000060081482, 0.8385000228881836, 0.8414999842643738, 0.8342999815940857]}