seed,batch_size,norm,accuracy
42,32,Group Norm,0.760200023651123
43,32,Group Norm,0.7530999779701233
44,32,Group Norm,0.7533000111579895
45,32,Group Norm,0.763700008392334
46,32,Group Norm,0.7628999948501587
42,32,Batch Norm,0.7667999863624573
43,32,Batch Norm,0.7404999732971191
44,32,Batch Norm,0.7559000253677368
